Filename:  C:\Users\Administrator\Desktop\COM-data\NoSource1Msec.mca,
Description:  ,
TimeStamp:  12/01/2020 09:25:53,
,
Spectral Data Information,
Channel,Data
0,0
1,0
2,0
3,0
4,0
5,0
6,0
7,0
8,0
9,0
10,0
11,0
12,0
13,0
14,0
15,0
16,0
17,0
18,0
19,0
20,0
21,0
22,0
23,0
24,0
25,0
26,0
27,0
28,0
29,0
30,0
31,0
32,0
33,0
34,0
35,0
36,0
37,0
38,0
39,0
40,0
41,0
42,0
43,0
44,0
45,0
46,0
47,0
48,0
49,0
50,0
51,0
52,0
53,0
54,0
55,0
56,0
57,0
58,0
59,0
60,0
61,0
62,0
63,0
64,0
65,0
66,0
67,0
68,0
69,0
70,0
71,0
72,0
73,0
74,0
75,0
76,0
77,0
78,0
79,0
80,0
81,0
82,0
83,0
84,0
85,0
86,0
87,0
88,0
89,0
90,0
91,0
92,0
93,0
94,0
95,0
96,0
97,0
98,0
99,0
100,0
101,0
102,0
103,0
104,0
105,0
106,0
107,0
108,0
109,0
110,0
111,0
112,0
113,0
114,0
115,0
116,0
117,0
118,0
119,0
120,0
121,0
122,0
123,0
124,0
125,0
126,0
127,0
128,0
129,0
130,0
131,0
132,0
133,0
134,0
135,0
136,0
137,0
138,0
139,0
140,0
141,0
142,0
143,0
144,0
145,0
146,0
147,0
148,0
149,0
150,0
151,0
152,0
153,0
154,0
155,0
156,0
157,0
158,0
159,0
160,0
161,0
162,0
163,0
164,0
165,0
166,0
167,0
168,0
169,0
170,0
171,0
172,0
173,0
174,0
175,0
176,0
177,0
178,0
179,0
180,0
181,0
182,0
183,0
184,0
185,0
186,0
187,0
188,0
189,0
190,0
191,0
192,0
193,0
194,0
195,0
196,0
197,0
198,0
199,0
200,0
201,0
202,0
203,0
204,0
205,0
206,0
207,0
208,0
209,1
210,1
211,0
212,1
213,2
214,0
215,1
216,1
217,2
218,0
219,1
220,0
221,0
222,2
223,0
224,0
225,1
226,1
227,0
228,0
229,0
230,0
231,1
232,1
233,1
234,1
235,0
236,0
237,0
238,2
239,0
240,1
241,1
242,2
243,1
244,0
245,4
246,1
247,1
248,0
249,0
250,1
251,2
252,0
253,2
254,1
255,1
256,1
257,1
258,3
259,1
260,0
261,0
262,0
263,2
264,2
265,1
266,0
267,2
268,0
269,1
270,1
271,0
272,1
273,2
274,0
275,0
276,0
277,2
278,2
279,1
280,1
281,1
282,3
283,1
284,2
285,0
286,1
287,2
288,1
289,4
290,0
291,1
292,0
293,1
294,0
295,0
296,1
297,0
298,0
299,1
300,0
301,0
302,0
303,2
304,0
305,3
306,0
307,2
308,0
309,0
310,0
311,0
312,0
313,0
314,1
315,1
316,0
317,4
318,1
319,1
320,3
321,0
322,1
323,0
324,0
325,0
326,2
327,0
328,1
329,1
330,0
331,2
332,1
333,0
334,2
335,1
336,0
337,1
338,2
339,0
340,1
341,1
342,2
343,0
344,0
345,1
346,1
347,0
348,2
349,1
350,2
351,1
352,0
353,0
354,1
355,0
356,1
357,0
358,0
359,0
360,1
361,0
362,0
363,1
364,0
365,1
366,1
367,1
368,0
369,2
370,1
371,1
372,0
373,0
374,0
375,0
376,2
377,1
378,0
379,1
380,0
381,2
382,0
383,3
384,1
385,0
386,0
387,1
388,0
389,1
390,0
391,0
392,0
393,0
394,0
395,1
396,1
397,0
398,2
399,0
400,2
401,0
402,0
403,3
404,2
405,1
406,0
407,2
408,0
409,1
410,1
411,0
412,0
413,1
414,0
415,0
416,4
417,1
418,0
419,0
420,0
421,1
422,0
423,1
424,1
425,2
426,0
427,0
428,0
429,0
430,0
431,3
432,1
433,2
434,0
435,1
436,0
437,0
438,0
439,0
440,1
441,0
442,0
443,1
444,1
445,1
446,1
447,3
448,3
449,0
450,0
451,3
452,2
453,0
454,0
455,0
456,0
457,0
458,2
459,2
460,0
461,1
462,1
463,1
464,1
465,1
466,1
467,0
468,1
469,2
470,0
471,0
472,0
473,1
474,0
475,0
476,0
477,0
478,1
479,1
480,0
481,0
482,3
483,1
484,0
485,1
486,0
487,3
488,0
489,0
490,2
491,1
492,0
493,0
494,0
495,1
496,1
497,0
498,0
499,1
500,2
501,2
502,0
503,0
504,1
505,3
506,1
507,1
508,1
509,3
510,1
511,2
512,1
513,0
514,0
515,2
516,1
517,2
518,0
519,0
520,0
521,1
522,1
523,0
524,1
525,1
526,1
527,0
528,1
529,1
530,0
531,0
532,0
533,0
534,1
535,0
536,1
537,0
538,0
539,1
540,0
541,1
542,0
543,0
544,1
545,3
546,1
547,3
548,1
549,1
550,0
551,1
552,0
553,0
554,0
555,1
556,2
557,0
558,0
559,0
560,1
561,1
562,0
563,0
564,1
565,1
566,1
567,2
568,0
569,0
570,1
571,1
572,2
573,2
574,0
575,0
576,0
577,1
578,0
579,2
580,1
581,0
582,1
583,2
584,0
585,2
586,0
587,0
588,0
589,2
590,0
591,1
592,0
593,1
594,0
595,2
596,0
597,2
598,0
599,1
600,0
601,0
602,0
603,1
604,2
605,0
606,0
607,0
608,2
609,2
610,0
611,0
612,0
613,1
614,1
615,0
616,1
617,0
618,0
619,1
620,2
621,0
622,0
623,1
624,2
625,1
626,0
627,1
628,0
629,1
630,0
631,0
632,0
633,1
634,1
635,0
636,0
637,0
638,0
639,0
640,0
641,1
642,0
643,0
644,0
645,0
646,2
647,1
648,1
649,1
650,0
651,1
652,3
653,2
654,0
655,1
656,0
657,1
658,1
659,0
660,1
661,0
662,1
663,0
664,0
665,0
666,1
667,3
668,0
669,2
670,0
671,3
672,1
673,2
674,0
675,0
676,3
677,0
678,2
679,1
680,2
681,1
682,1
683,3
684,0
685,1
686,1
687,0
688,0
689,0
690,1
691,1
692,0
693,2
694,0
695,0
696,0
697,2
698,2
699,0
700,0
701,1
702,1
703,1
704,3
705,0
706,1
707,1
708,0
709,0
710,1
711,0
712,0
713,1
714,2
715,0
716,2
717,0
718,1
719,4
720,0
721,0
722,0
723,0
724,1
725,0
726,2
727,0
728,0
729,1
730,0
731,0
732,0
733,1
734,1
735,1
736,1
737,0
738,2
739,0
740,0
741,0
742,0
743,1
744,0
745,0
746,0
747,0
748,0
749,0
750,0
751,1
752,1
753,1
754,0
755,0
756,0
757,1
758,0
759,1
760,1
761,1
762,1
763,1
764,0
765,2
766,0
767,3
768,2
769,2
770,0
771,0
772,2
773,0
774,0
775,1
776,0
777,2
778,0
779,1
780,0
781,1
782,1
783,0
784,1
785,2
786,0
787,2
788,0
789,3
790,1
791,0
792,0
793,1
794,1
795,0
796,1
797,0
798,2
799,0
800,2
801,4
802,2
803,0
804,1
805,1
806,3
807,0
808,2
809,2
810,2
811,1
812,3
813,2
814,0
815,1
816,1
817,3
818,3
819,1
820,1
821,2
822,0
823,1
824,0
825,1
826,1
827,0
828,3
829,0
830,2
831,1
832,0
833,1
834,1
835,0
836,0
837,1
838,1
839,0
840,1
841,1
842,1
843,0
844,2
845,0
846,0
847,2
848,1
849,0
850,2
851,0
852,0
853,0
854,1
855,1
856,0
857,1
858,0
859,1
860,1
861,4
862,1
863,0
864,1
865,0
866,1
867,0
868,2
869,3
870,1
871,2
872,0
873,2
874,0
875,0
876,0
877,0
878,0
879,0
880,1
881,2
882,0
883,0
884,0
885,0
886,1
887,0
888,0
889,2
890,0
891,1
892,0
893,1
894,2
895,0
896,1
897,1
898,0
899,3
900,2
901,2
902,0
903,0
904,0
905,0
906,0
907,0
908,0
909,0
910,0
911,1
912,1
913,0
914,0
915,0
916,0
917,0
918,0
919,1
920,0
921,0
922,1
923,0
924,0
925,0
926,2
927,2
928,0
929,0
930,1
931,1
932,0
933,0
934,1
935,1
936,0
937,0
938,0
939,1
940,0
941,0
942,2
943,0
944,2
945,0
946,1
947,1
948,0
949,0
950,0
951,2
952,0
953,0
954,0
955,0
956,1
957,0
958,0
959,4
960,1
961,0
962,0
963,1
964,1
965,0
966,1
967,0
968,2
969,0
970,2
971,1
972,0
973,1
974,0
975,2
976,0
977,0
978,0
979,2
980,1
981,0
982,0
983,1
984,1
985,2
986,1
987,2
988,1
989,2
990,2
991,1
992,2
993,2
994,2
995,1
996,0
997,0
998,2
999,0
1000,0
1001,2
1002,0
1003,1
1004,1
1005,0
1006,0
1007,0
1008,0
1009,1
1010,4
1011,0
1012,0
1013,2
1014,0
1015,2
1016,0
1017,0
1018,1
1019,1
1020,1
1021,0
1022,1
1023,0
1024,1
1025,2
1026,1
1027,1
1028,0
1029,0
1030,1
1031,0
1032,0
1033,2
1034,0
1035,0
1036,1
1037,1
1038,1
1039,0
1040,1
1041,0
1042,1
1043,1
1044,1
1045,2
1046,2
1047,1
1048,0
1049,0
1050,1
1051,0
1052,2
1053,0
1054,2
1055,0
1056,1
1057,1
1058,1
1059,1
1060,0
1061,1
1062,0
1063,0
1064,0
1065,1
1066,0
1067,0
1068,0
1069,1
1070,0
1071,0
1072,0
1073,1
1074,1
1075,0
1076,0
1077,0
1078,2
1079,0
1080,1
1081,1
1082,0
1083,0
1084,1
1085,1
1086,0
1087,1
1088,0
1089,1
1090,0
1091,1
1092,0
1093,0
1094,1
1095,0
1096,0
1097,0
1098,1
1099,0
1100,0
1101,0
1102,0
1103,0
1104,0
1105,0
1106,2
1107,1
1108,1
1109,1
1110,0
1111,3
1112,0
1113,0
1114,3
1115,0
1116,1
1117,0
1118,0
1119,0
1120,1
1121,0
1122,2
1123,1
1124,0
1125,0
1126,0
1127,0
1128,2
1129,1
1130,1
1131,0
1132,0
1133,1
1134,0
1135,2
1136,1
1137,0
1138,0
1139,0
1140,0
1141,0
1142,0
1143,0
1144,1
1145,1
1146,0
1147,0
1148,2
1149,0
1150,0
1151,0
1152,1
1153,0
1154,0
1155,1
1156,0
1157,0
1158,1
1159,0
1160,1
1161,0
1162,2
1163,0
1164,0
1165,1
1166,0
1167,0
1168,0
1169,0
1170,0
1171,0
1172,1
1173,0
1174,0
1175,0
1176,0
1177,1
1178,1
1179,0
1180,2
1181,1
1182,1
1183,2
1184,0
1185,1
1186,2
1187,1
1188,0
1189,1
1190,2
1191,0
1192,0
1193,0
1194,1
1195,2
1196,0
1197,0
1198,0
1199,1
1200,1
1201,2
1202,0
1203,0
1204,0
1205,0
1206,0
1207,0
1208,0
1209,0
1210,1
1211,3
1212,3
1213,0
1214,2
1215,2
1216,0
1217,0
1218,0
1219,1
1220,0
1221,1
1222,0
1223,0
1224,0
1225,0
1226,0
1227,0
1228,0
1229,1
1230,0
1231,0
1232,0
1233,0
1234,0
1235,0
1236,1
1237,1
1238,1
1239,0
1240,0
1241,0
1242,1
1243,1
1244,0
1245,0
1246,2
1247,0
1248,0
1249,0
1250,1
1251,2
1252,1
1253,1
1254,0
1255,1
1256,0
1257,0
1258,1
1259,1
1260,1
1261,0
1262,0
1263,0
1264,5
1265,0
1266,1
1267,1
1268,0
1269,0
1270,2
1271,0
1272,1
1273,1
1274,0
1275,1
1276,0
1277,0
1278,1
1279,1
1280,0
1281,0
1282,2
1283,0
1284,1
1285,0
1286,2
1287,0
1288,0
1289,2
1290,0
1291,1
1292,0
1293,2
1294,1
1295,0
1296,2
1297,1
1298,1
1299,2
1300,1
1301,0
1302,1
1303,2
1304,4
1305,0
1306,0
1307,2
1308,1
1309,2
1310,1
1311,0
1312,1
1313,0
1314,0
1315,1
1316,0
1317,3
1318,0
1319,0
1320,1
1321,0
1322,1
1323,1
1324,0
1325,0
1326,2
1327,1
1328,0
1329,0
1330,1
1331,1
1332,0
1333,1
1334,0
1335,1
1336,0
1337,3
1338,1
1339,0
1340,1
1341,1
1342,0
1343,1
1344,0
1345,0
1346,1
1347,0
1348,1
1349,1
1350,0
1351,0
1352,2
1353,0
1354,2
1355,0
1356,1
1357,2
1358,0
1359,0
1360,1
1361,1
1362,0
1363,0
1364,0
1365,1
1366,2
1367,0
1368,2
1369,0
1370,0
1371,0
1372,0
1373,1
1374,0
1375,0
1376,0
1377,0
1378,2
1379,0
1380,0
1381,2
1382,0
1383,0
1384,0
1385,1
1386,0
1387,2
1388,0
1389,0
1390,0
1391,1
1392,1
1393,0
1394,1
1395,1
1396,0
1397,1
1398,0
1399,1
1400,0
1401,2
1402,0
1403,1
1404,1
1405,1
1406,3
1407,0
1408,1
1409,1
1410,3
1411,0
1412,1
1413,0
1414,0
1415,0
1416,2
1417,1
1418,1
1419,1
1420,2
1421,0
1422,0
1423,0
1424,2
1425,1
1426,1
1427,0
1428,1
1429,1
1430,0
1431,0
1432,0
1433,0
1434,1
1435,0
1436,1
1437,2
1438,0
1439,0
1440,0
1441,0
1442,0
1443,1
1444,0
1445,0
1446,1
1447,1
1448,0
1449,0
1450,0
1451,2
1452,0
1453,3
1454,1
1455,1
1456,1
1457,1
1458,0
1459,0
1460,2
1461,1
1462,1
1463,0
1464,0
1465,0
1466,1
1467,0
1468,1
1469,2
1470,1
1471,1
1472,1
1473,0
1474,1
1475,2
1476,1
1477,1
1478,0
1479,0
1480,1
1481,0
1482,0
1483,0
1484,0
1485,4
1486,1
1487,1
1488,1
1489,0
1490,3
1491,0
1492,1
1493,1
1494,1
1495,0
1496,1
1497,0
1498,0
1499,0
1500,4
1501,0
1502,0
1503,1
1504,1
1505,1
1506,2
1507,0
1508,2
1509,1
1510,2
1511,1
1512,0
1513,0
1514,0
1515,0
1516,0
1517,0
1518,1
1519,2
1520,1
1521,0
1522,1
1523,1
1524,1
1525,1
1526,0
1527,0
1528,1
1529,0
1530,0
1531,1
1532,0
1533,1
1534,0
1535,0
1536,1
1537,0
1538,0
1539,0
1540,0
1541,0
1542,1
1543,0
1544,2
1545,1
1546,0
1547,0
1548,0
1549,2
1550,0
1551,1
1552,0
1553,2
1554,1
1555,4
1556,0
1557,0
1558,1
1559,1
1560,0
1561,1
1562,1
1563,0
1564,0
1565,2
1566,2
1567,2
1568,1
1569,3
1570,1
1571,0
1572,3
1573,0
1574,0
1575,1
1576,0
1577,1
1578,1
1579,0
1580,0
1581,0
1582,0
1583,0
1584,2
1585,1
1586,2
1587,0
1588,1
1589,0
1590,0
1591,0
1592,3
1593,1
1594,0
1595,2
1596,0
1597,0
1598,0
1599,0
1600,1
1601,0
1602,0
1603,2
1604,0
1605,1
1606,2
1607,0
1608,0
1609,2
1610,0
1611,0
1612,2
1613,0
1614,2
1615,0
1616,3
1617,1
1618,1
1619,0
1620,3
1621,0
1622,0
1623,1
1624,0
1625,1
1626,1
1627,1
1628,1
1629,0
1630,0
1631,0
1632,2
1633,0
1634,1
1635,1
1636,0
1637,1
1638,0
1639,4
1640,1
1641,0
1642,1
1643,2
1644,1
1645,0
1646,0
1647,1
1648,0
1649,0
1650,1
1651,0
1652,1
1653,0
1654,2
1655,1
1656,2
1657,1
1658,0
1659,1
1660,5
1661,1
1662,0
1663,1
1664,0
1665,1
1666,0
1667,0
1668,0
1669,0
1670,1
1671,0
1672,1
1673,1
1674,1
1675,0
1676,2
1677,0
1678,0
1679,1
1680,1
1681,2
1682,0
1683,3
1684,1
1685,0
1686,1
1687,0
1688,0
1689,1
1690,0
1691,2
1692,0
1693,0
1694,0
1695,0
1696,1
1697,0
1698,0
1699,0
1700,0
1701,0
1702,0
1703,0
1704,1
1705,0
1706,1
1707,1
1708,0
1709,0
1710,0
1711,0
1712,1
1713,0
1714,1
1715,1
1716,0
1717,0
1718,0
1719,0
1720,1
1721,0
1722,0
1723,0
1724,0
1725,0
1726,0
1727,0
1728,0
1729,0
1730,0
1731,1
1732,0
1733,0
1734,0
1735,1
1736,0
1737,0
1738,0
1739,0
1740,1
1741,0
1742,0
1743,1
1744,0
1745,0
1746,0
1747,0
1748,1
1749,0
1750,0
1751,3
1752,0
1753,1
1754,0
1755,0
1756,0
1757,0
1758,0
1759,0
1760,0
1761,0
1762,1
1763,0
1764,0
1765,0
1766,0
1767,2
1768,1
1769,1
1770,0
1771,3
1772,0
1773,2
1774,0
1775,1
1776,0
1777,0
1778,0
1779,1
1780,0
1781,0
1782,1
1783,0
1784,0
1785,1
1786,1
1787,0
1788,1
1789,0
1790,0
1791,0
1792,0
1793,1
1794,0
1795,1
1796,2
1797,0
1798,0
1799,0
1800,0
1801,0
1802,0
1803,0
1804,1
1805,1
1806,0
1807,0
1808,0
1809,0
1810,0
1811,0
1812,1
1813,1
1814,0
1815,0
1816,0
1817,0
1818,0
1819,0
1820,0
1821,0
1822,0
1823,0
1824,3
1825,1
1826,0
1827,1
1828,0
1829,0
1830,1
1831,0
1832,1
1833,0
1834,0
1835,1
1836,0
1837,0
1838,0
1839,1
1840,1
1841,0
1842,2
1843,0
1844,1
1845,0
1846,1
1847,1
1848,1
1849,1
1850,2
1851,1
1852,0
1853,1
1854,1
1855,0
1856,1
1857,1
1858,0
1859,2
1860,0
1861,0
1862,1
1863,2
1864,0
1865,0
1866,3
1867,1
1868,1
1869,0
1870,2
1871,2
1872,0
1873,0
1874,1
1875,0
1876,1
1877,0
1878,0
1879,1
1880,0
1881,1
1882,1
1883,0
1884,2
1885,0
1886,1
1887,0
1888,0
1889,0
1890,0
1891,0
1892,0
1893,1
1894,0
1895,1
1896,0
1897,3
1898,0
1899,0
1900,0
1901,0
1902,0
1903,2
1904,1
1905,1
1906,0
1907,0
1908,1
1909,0
1910,2
1911,0
1912,0
1913,0
1914,1
1915,0
1916,0
1917,1
1918,1
1919,1
1920,0
1921,2
1922,2
1923,0
1924,0
1925,1
1926,0
1927,1
1928,1
1929,0
1930,0
1931,0
1932,1
1933,0
1934,2
1935,0
1936,1
1937,0
1938,0
1939,1
1940,0
1941,1
1942,0
1943,0
1944,1
1945,1
1946,1
1947,1
1948,0
1949,4
1950,1
1951,0
1952,0
1953,1
1954,1
1955,1
1956,0
1957,0
1958,0
1959,0
1960,0
1961,0
1962,0
1963,1
1964,1
1965,0
1966,1
1967,0
1968,1
1969,1
1970,0
1971,1
1972,0
1973,1
1974,1
1975,0
1976,1
1977,3
1978,1
1979,1
1980,1
1981,0
1982,0
1983,0
1984,0
1985,0
1986,1
1987,1
1988,1
1989,1
1990,2
1991,1
1992,0
1993,0
1994,0
1995,0
1996,0
1997,1
1998,0
1999,0
2000,1
2001,3
2002,1
2003,0
2004,2
2005,0
2006,1
2007,0
2008,0
2009,0
2010,0
2011,0
2012,1
2013,0
2014,2
2015,0
2016,1
2017,0
2018,2
2019,1
2020,0
2021,0
2022,0
2023,0
2024,3
2025,0
2026,0
2027,2
2028,0
2029,1
2030,1
2031,1
2032,0
2033,2
2034,0
2035,1
2036,0
2037,0
2038,1
2039,1
2040,1
2041,0
2042,0
2043,0
2044,0
2045,0
2046,1
2047,0
2048,0
2049,1
2050,0
2051,0
2052,0
2053,3
2054,1
2055,1
2056,0
2057,1
2058,0
2059,2
2060,1
2061,1
2062,2
2063,1
2064,2
2065,0
2066,1
2067,0
2068,0
2069,0
2070,1
2071,0
2072,1
2073,1
2074,2
2075,1
2076,0
2077,1
2078,0
2079,0
2080,1
2081,1
2082,0
2083,0
2084,2
2085,0
2086,0
2087,0
2088,1
2089,2
2090,0
2091,1
2092,0
2093,0
2094,0
2095,0
2096,0
2097,1
2098,0
2099,0
2100,1
2101,0
2102,0
2103,0
2104,0
2105,0
2106,0
2107,0
2108,0
2109,0
2110,1
2111,0
2112,0
2113,0
2114,0
2115,1
2116,0
2117,1
2118,0
2119,0
2120,0
2121,1
2122,0
2123,1
2124,0
2125,0
2126,1
2127,0
2128,2
2129,0
2130,1
2131,1
2132,0
2133,0
2134,0
2135,0
2136,2
2137,0
2138,0
2139,1
2140,0
2141,1
2142,2
2143,1
2144,0
2145,0
2146,0
2147,0
2148,0
2149,0
2150,0
2151,0
2152,0
2153,1
2154,1
2155,0
2156,0
2157,0
2158,0
2159,0
2160,0
2161,1
2162,0
2163,0
2164,0
2165,0
2166,1
2167,3
2168,0
2169,0
2170,1
2171,2
2172,0
2173,0
2174,0
2175,0
2176,1
2177,0
2178,1
2179,0
2180,1
2181,2
2182,0
2183,1
2184,0
2185,1
2186,0
2187,1
2188,0
2189,0
2190,0
2191,0
2192,0
2193,1
2194,1
2195,0
2196,0
2197,1
2198,0
2199,0
2200,1
2201,1
2202,1
2203,0
2204,1
2205,0
2206,1
2207,1
2208,0
2209,1
2210,0
2211,1
2212,1
2213,0
2214,1
2215,1
2216,0
2217,1
2218,0
2219,0
2220,0
2221,0
2222,1
2223,1
2224,0
2225,1
2226,0
2227,0
2228,1
2229,1
2230,1
2231,1
2232,1
2233,0
2234,1
2235,1
2236,0
2237,1
2238,0
2239,0
2240,1
2241,0
2242,0
2243,1
2244,1
2245,0
2246,2
2247,0
2248,0
2249,0
2250,0
2251,0
2252,1
2253,0
2254,0
2255,0
2256,2
2257,1
2258,1
2259,3
2260,1
2261,1
2262,0
2263,0
2264,1
2265,1
2266,2
2267,0
2268,0
2269,0
2270,0
2271,1
2272,1
2273,0
2274,0
2275,1
2276,1
2277,0
2278,2
2279,2
2280,0
2281,0
2282,2
2283,1
2284,1
2285,0
2286,0
2287,1
2288,0
2289,0
2290,0
2291,1
2292,0
2293,0
2294,0
2295,1
2296,0
2297,0
2298,0
2299,1
2300,1
2301,1
2302,1
2303,0
2304,1
2305,1
2306,0
2307,2
2308,1
2309,0
2310,1
2311,0
2312,1
2313,0
2314,2
2315,0
2316,0
2317,0
2318,0
2319,1
2320,1
2321,0
2322,2
2323,0
2324,0
2325,0
2326,0
2327,0
2328,1
2329,0
2330,0
2331,2
2332,3
2333,0
2334,0
2335,0
2336,0
2337,0
2338,0
2339,0
2340,1
2341,0
2342,1
2343,0
2344,1
2345,2
2346,1
2347,0
2348,1
2349,3
2350,0
2351,1
2352,1
2353,1
2354,0
2355,0
2356,0
2357,0
2358,0
2359,3
2360,0
2361,1
2362,1
2363,2
2364,0
2365,1
2366,0
2367,0
2368,0
2369,0
2370,0
2371,1
2372,0
2373,0
2374,2
2375,0
2376,0
2377,1
2378,1
2379,0
2380,0
2381,0
2382,0
2383,1
2384,1
2385,0
2386,3
2387,0
2388,0
2389,0
2390,0
2391,0
2392,0
2393,0
2394,2
2395,0
2396,1
2397,0
2398,0
2399,0
2400,0
2401,2
2402,1
2403,3
2404,1
2405,0
2406,0
2407,0
2408,1
2409,0
2410,3
2411,0
2412,1
2413,1
2414,0
2415,0
2416,0
2417,1
2418,1
2419,1
2420,0
2421,0
2422,0
2423,0
2424,1
2425,1
2426,0
2427,0
2428,0
2429,0
2430,1
2431,1
2432,2
2433,0
2434,0
2435,0
2436,2
2437,2
2438,1
2439,2
2440,0
2441,1
2442,1
2443,1
2444,0
2445,0
2446,1
2447,1
2448,0
2449,1
2450,2
2451,0
2452,0
2453,0
2454,0
2455,0
2456,0
2457,0
2458,1
2459,1
2460,0
2461,0
2462,3
2463,1
2464,0
2465,2
2466,0
2467,0
2468,1
2469,1
2470,0
2471,1
2472,0
2473,2
2474,0
2475,1
2476,1
2477,0
2478,2
2479,0
2480,1
2481,0
2482,0
2483,1
2484,0
2485,0
2486,0
2487,0
2488,1
2489,2
2490,0
2491,0
2492,2
2493,0
2494,0
2495,0
2496,1
2497,1
2498,0
2499,0
2500,0
2501,1
2502,1
2503,0
2504,0
2505,1
2506,0
2507,0
2508,1
2509,0
2510,0
2511,0
2512,0
2513,0
2514,0
2515,2
2516,0
2517,1
2518,0
2519,0
2520,1
2521,1
2522,0
2523,1
2524,2
2525,0
2526,0
2527,1
2528,2
2529,0
2530,0
2531,0
2532,1
2533,0
2534,1
2535,0
2536,1
2537,0
2538,0
2539,1
2540,0
2541,1
2542,0
2543,0
2544,1
2545,0
2546,1
2547,1
2548,0
2549,1
2550,1
2551,1
2552,1
2553,1
2554,1
2555,0
2556,1
2557,0
2558,1
2559,0
2560,1
2561,0
2562,1
2563,1
2564,0
2565,0
2566,1
2567,0
2568,1
2569,0
2570,0
2571,0
2572,0
2573,0
2574,0
2575,0
2576,1
2577,1
2578,2
2579,1
2580,0
2581,1
2582,0
2583,0
2584,0
2585,1
2586,0
2587,0
2588,1
2589,2
2590,1
2591,0
2592,0
2593,1
2594,0
2595,3
2596,1
2597,0
2598,2
2599,0
2600,1
2601,0
2602,0
2603,0
2604,0
2605,0
2606,0
2607,0
2608,0
2609,2
2610,1
2611,0
2612,1
2613,0
2614,0
2615,0
2616,0
2617,1
2618,2
2619,2
2620,1
2621,0
2622,0
2623,1
2624,1
2625,0
2626,0
2627,0
2628,2
2629,1
2630,1
2631,1
2632,0
2633,0
2634,1
2635,0
2636,1
2637,1
2638,0
2639,2
2640,2
2641,0
2642,1
2643,2
2644,0
2645,0
2646,3
2647,0
2648,1
2649,0
2650,1
2651,1
2652,1
2653,2
2654,0
2655,1
2656,0
2657,0
2658,0
2659,1
2660,0
2661,0
2662,0
2663,0
2664,0
2665,0
2666,2
2667,1
2668,0
2669,1
2670,2
2671,1
2672,0
2673,0
2674,1
2675,1
2676,2
2677,0
2678,0
2679,2
2680,0
2681,0
2682,0
2683,1
2684,1
2685,1
2686,0
2687,0
2688,2
2689,0
2690,0
2691,1
2692,0
2693,1
2694,0
2695,0
2696,1
2697,2
2698,1
2699,0
2700,0
2701,0
2702,0
2703,0
2704,1
2705,1
2706,1
2707,3
2708,0
2709,0
2710,2
2711,0
2712,0
2713,1
2714,0
2715,0
2716,0
2717,2
2718,0
2719,1
2720,1
2721,3
2722,0
2723,0
2724,1
2725,0
2726,2
2727,0
2728,1
2729,0
2730,0
2731,2
2732,0
2733,1
2734,1
2735,0
2736,0
2737,1
2738,2
2739,2
2740,1
2741,1
2742,0
2743,0
2744,1
2745,2
2746,0
2747,0
2748,0
2749,0
2750,3
2751,2
2752,1
2753,0
2754,1
2755,0
2756,0
2757,3
2758,0
2759,1
2760,1
2761,0
2762,3
2763,0
2764,0
2765,0
2766,0
2767,1
2768,1
2769,1
2770,0
2771,0
2772,0
2773,1
2774,1
2775,0
2776,2
2777,2
2778,1
2779,1
2780,1
2781,0
2782,1
2783,2
2784,0
2785,0
2786,1
2787,0
2788,0
2789,1
2790,0
2791,0
2792,1
2793,0
2794,1
2795,1
2796,1
2797,0
2798,0
2799,0
2800,0
2801,1
2802,1
2803,0
2804,0
2805,1
2806,0
2807,1
2808,2
2809,0
2810,1
2811,0
2812,1
2813,1
2814,2
2815,1
2816,1
2817,0
2818,1
2819,1
2820,1
2821,0
2822,0
2823,2
2824,0
2825,0
2826,0
2827,2
2828,2
2829,0
2830,0
2831,0
2832,0
2833,1
2834,1
2835,3
2836,0
2837,1
2838,2
2839,2
2840,0
2841,1
2842,1
2843,2
2844,1
2845,0
2846,2
2847,0
2848,2
2849,0
2850,0
2851,0
2852,1
2853,0
2854,2
2855,1
2856,1
2857,1
2858,2
2859,1
2860,0
2861,0
2862,1
2863,0
2864,2
2865,0
2866,1
2867,2
2868,0
2869,1
2870,1
2871,1
2872,0
2873,1
2874,0
2875,0
2876,1
2877,3
2878,1
2879,0
2880,2
2881,0
2882,1
2883,0
2884,0
2885,0
2886,1
2887,1
2888,1
2889,0
2890,0
2891,2
2892,2
2893,0
2894,2
2895,0
2896,0
2897,1
2898,1
2899,1
2900,0
2901,2
2902,3
2903,0
2904,1
2905,1
2906,0
2907,0
2908,2
2909,1
2910,0
2911,0
2912,1
2913,0
2914,2
2915,1
2916,1
2917,0
2918,0
2919,1
2920,0
2921,1
2922,3
2923,0
2924,2
2925,0
2926,2
2927,0
2928,3
2929,2
2930,0
2931,3
2932,0
2933,1
2934,0
2935,1
2936,0
2937,1
2938,1
2939,1
2940,0
2941,0
2942,2
2943,1
2944,1
2945,0
2946,1
2947,1
2948,1
2949,1
2950,0
2951,0
2952,1
2953,2
2954,0
2955,1
2956,1
2957,0
2958,0
2959,0
2960,1
2961,1
2962,0
2963,0
2964,1
2965,0
2966,1
2967,2
2968,1
2969,0
2970,1
2971,5
2972,2
2973,0
2974,1
2975,0
2976,1
2977,0
2978,0
2979,2
2980,1
2981,0
2982,0
2983,1
2984,0
2985,0
2986,0
2987,0
2988,1
2989,1
2990,0
2991,1
2992,0
2993,0
2994,0
2995,1
2996,0
2997,0
2998,0
2999,2
3000,2
3001,0
3002,0
3003,0
3004,1
3005,0
3006,1
3007,0
3008,1
3009,1
3010,0
3011,2
3012,1
3013,0
3014,0
3015,2
3016,1
3017,0
3018,1
3019,0
3020,3
3021,2
3022,1
3023,3
3024,0
3025,0
3026,0
3027,0
3028,1
3029,0
3030,1
3031,0
3032,0
3033,1
3034,1
3035,2
3036,2
3037,1
3038,0
3039,2
3040,0
3041,1
3042,5
3043,2
3044,0
3045,2
3046,3
3047,1
3048,0
3049,1
3050,1
3051,1
3052,0
3053,0
3054,0
3055,2
3056,1
3057,2
3058,0
3059,2
3060,1
3061,2
3062,0
3063,2
3064,1
3065,0
3066,1
3067,0
3068,1
3069,0
3070,0
3071,0
3072,1
3073,0
3074,0
3075,0
3076,0
3077,0
3078,0
3079,3
3080,2
3081,0
3082,0
3083,2
3084,0
3085,1
3086,1
3087,1
3088,0
3089,0
3090,0
3091,0
3092,1
3093,1
3094,2
3095,0
3096,0
3097,0
3098,2
3099,1
3100,2
3101,2
3102,2
3103,0
3104,1
3105,0
3106,1
3107,1
3108,0
3109,1
3110,0
3111,2
3112,0
3113,0
3114,0
3115,1
3116,1
3117,0
3118,0
3119,0
3120,1
3121,1
3122,0
3123,1
3124,2
3125,1
3126,0
3127,3
3128,0
3129,0
3130,0
3131,0
3132,3
3133,2
3134,0
3135,1
3136,0
3137,0
3138,1
3139,0
3140,0
3141,0
3142,0
3143,1
3144,0
3145,0
3146,2
3147,0
3148,0
3149,0
3150,0
3151,1
3152,0
3153,0
3154,0
3155,1
3156,0
3157,1
3158,1
3159,0
3160,0
3161,0
3162,0
3163,0
3164,3
3165,0
3166,1
3167,0
3168,0
3169,1
3170,0
3171,0
3172,2
3173,0
3174,0
3175,0
3176,0
3177,1
3178,0
3179,1
3180,0
3181,2
3182,0
3183,0
3184,0
3185,0
3186,0
3187,0
3188,2
3189,1
3190,1
3191,1
3192,1
3193,0
3194,0
3195,1
3196,0
3197,2
3198,1
3199,1
3200,1
3201,2
3202,1
3203,2
3204,0
3205,0
3206,0
3207,1
3208,1
3209,0
3210,1
3211,2
3212,2
3213,0
3214,0
3215,1
3216,1
3217,2
3218,1
3219,1
3220,1
3221,1
3222,0
3223,2
3224,0
3225,0
3226,2
3227,2
3228,2
3229,2
3230,1
3231,0
3232,0
3233,2
3234,1
3235,1
3236,2
3237,3
3238,1
3239,3
3240,0
3241,0
3242,2
3243,1
3244,1
3245,0
3246,1
3247,1
3248,0
3249,1
3250,0
3251,1
3252,1
3253,1
3254,0
3255,1
3256,1
3257,0
3258,0
3259,1
3260,0
3261,1
3262,0
3263,1
3264,1
3265,1
3266,1
3267,0
3268,0
3269,0
3270,0
3271,0
3272,1
3273,0
3274,0
3275,1
3276,1
3277,0
3278,1
3279,0
3280,1
3281,0
3282,1
3283,1
3284,0
3285,2
3286,2
3287,0
3288,1
3289,0
3290,1
3291,0
3292,1
3293,0
3294,0
3295,0
3296,1
3297,2
3298,0
3299,1
3300,0
3301,3
3302,1
3303,1
3304,0
3305,0
3306,1
3307,0
3308,2
3309,1
3310,1
3311,1
3312,0
3313,0
3314,0
3315,1
3316,0
3317,1
3318,3
3319,3
3320,1
3321,0
3322,2
3323,0
3324,2
3325,0
3326,1
3327,1
3328,0
3329,0
3330,1
3331,3
3332,1
3333,1
3334,1
3335,1
3336,1
3337,1
3338,3
3339,1
3340,2
3341,2
3342,0
3343,0
3344,0
3345,1
3346,0
3347,0
3348,3
3349,1
3350,3
3351,0
3352,0
3353,0
3354,0
3355,1
3356,1
3357,2
3358,0
3359,1
3360,0
3361,0
3362,2
3363,0
3364,0
3365,0
3366,0
3367,1
3368,1
3369,4
3370,1
3371,0
3372,1
3373,1
3374,1
3375,0
3376,0
3377,1
3378,1
3379,2
3380,2
3381,0
3382,2
3383,0
3384,0
3385,0
3386,0
3387,0
3388,0
3389,0
3390,0
3391,0
3392,1
3393,0
3394,2
3395,2
3396,0
3397,0
3398,0
3399,0
3400,2
3401,1
3402,0
3403,1
3404,1
3405,0
3406,1
3407,2
3408,2
3409,1
3410,1
3411,0
3412,0
3413,2
3414,0
3415,0
3416,1
3417,0
3418,1
3419,2
3420,0
3421,0
3422,3
3423,0
3424,1
3425,0
3426,2
3427,1
3428,1
3429,1
3430,1
3431,0
3432,0
3433,0
3434,0
3435,0
3436,0
3437,2
3438,1
3439,1
3440,0
3441,0
3442,3
3443,1
3444,0
3445,0
3446,2
3447,1
3448,0
3449,2
3450,1
3451,0
3452,1
3453,1
3454,1
3455,4
3456,1
3457,0
3458,0
3459,0
3460,0
3461,0
3462,0
3463,1
3464,2
3465,1
3466,0
3467,0
3468,1
3469,1
3470,2
3471,1
3472,1
3473,0
3474,2
3475,0
3476,0
3477,0
3478,0
3479,0
3480,0
3481,1
3482,0
3483,0
3484,0
3485,2
3486,0
3487,0
3488,1
3489,1
3490,2
3491,0
3492,0
3493,0
3494,0
3495,1
3496,0
3497,1
3498,1
3499,0
3500,0
3501,1
3502,1
3503,1
3504,0
3505,0
3506,1
3507,1
3508,0
3509,0
3510,0
3511,0
3512,0
3513,0
3514,2
3515,2
3516,0
3517,0
3518,0
3519,0
3520,2
3521,1
3522,1
3523,1
3524,2
3525,0
3526,0
3527,0
3528,0
3529,1
3530,0
3531,1
3532,0
3533,1
3534,0
3535,2
3536,1
3537,0
3538,1
3539,0
3540,3
3541,0
3542,0
3543,0
3544,1
3545,1
3546,1
3547,1
3548,0
3549,0
3550,1
3551,0
3552,1
3553,0
3554,0
3555,0
3556,1
3557,0
3558,1
3559,0
3560,0
3561,0
3562,0
3563,1
3564,2
3565,1
3566,0
3567,1
3568,2
3569,1
3570,1
3571,3
3572,2
3573,0
3574,4
3575,2
3576,0
3577,0
3578,1
3579,2
3580,0
3581,3
3582,1
3583,5
3584,0
3585,0
3586,0
3587,2
3588,0
3589,0
3590,2
3591,0
3592,1
3593,1
3594,2
3595,0
3596,0
3597,0
3598,0
3599,3
3600,2
3601,0
3602,1
3603,1
3604,2
3605,0
3606,0
3607,0
3608,1
3609,1
3610,0
3611,0
3612,0
3613,0
3614,1
3615,0
3616,0
3617,1
3618,2
3619,0
3620,2
3621,0
3622,1
3623,2
3624,0
3625,2
3626,1
3627,2
3628,0
3629,0
3630,0
3631,1
3632,2
3633,1
3634,1
3635,0
3636,2
3637,0
3638,1
3639,0
3640,1
3641,0
3642,0
3643,1
3644,0
3645,0
3646,0
3647,1
3648,1
3649,1
3650,0
3651,1
3652,1
3653,2
3654,1
3655,1
3656,1
3657,0
3658,0
3659,3
3660,2
3661,1
3662,2
3663,0
3664,0
3665,1
3666,0
3667,1
3668,1
3669,1
3670,2
3671,3
3672,0
3673,1
3674,0
3675,1
3676,2
3677,3
3678,1
3679,0
3680,0
3681,0
3682,0
3683,1
3684,1
3685,1
3686,0
3687,2
3688,1
3689,1
3690,0
3691,0
3692,0
3693,0
3694,0
3695,1
3696,0
3697,2
3698,0
3699,0
3700,1
3701,0
3702,2
3703,0
3704,2
3705,0
3706,0
3707,2
3708,1
3709,0
3710,1
3711,1
3712,1
3713,1
3714,1
3715,1
3716,0
3717,2
3718,0
3719,1
3720,1
3721,0
3722,2
3723,0
3724,2
3725,1
3726,2
3727,0
3728,1
3729,0
3730,0
3731,0
3732,0
3733,2
3734,0
3735,2
3736,0
3737,3
3738,0
3739,0
3740,1
3741,0
3742,1
3743,0
3744,0
3745,1
3746,0
3747,0
3748,5
3749,0
3750,0
3751,1
3752,0
3753,2
3754,4
3755,2
3756,0
3757,1
3758,1
3759,2
3760,1
3761,0
3762,0
3763,0
3764,0
3765,0
3766,0
3767,1
3768,0
3769,0
3770,0
3771,0
3772,2
3773,1
3774,3
3775,0
3776,0
3777,0
3778,0
3779,0
3780,2
3781,1
3782,0
3783,1
3784,1
3785,1
3786,0
3787,0
3788,0
3789,0
3790,0
3791,0
3792,1
3793,1
3794,1
3795,1
3796,1
3797,1
3798,2
3799,1
3800,0
3801,1
3802,3
3803,0
3804,1
3805,1
3806,1
3807,0
3808,0
3809,1
3810,1
3811,1
3812,1
3813,1
3814,2
3815,1
3816,0
3817,0
3818,1
3819,3
3820,1
3821,0
3822,0
3823,0
3824,1
3825,1
3826,1
3827,0
3828,2
3829,2
3830,1
3831,1
3832,3
3833,1
3834,0
3835,1
3836,0
3837,1
3838,1
3839,0
3840,1
3841,2
3842,2
3843,1
3844,2
3845,1
3846,0
3847,1
3848,1
3849,2
3850,0
3851,1
3852,1
3853,0
3854,0
3855,1
3856,1
3857,2
3858,0
3859,2
3860,1
3861,0
3862,0
3863,0
3864,0
3865,0
3866,0
3867,0
3868,3
3869,2
3870,0
3871,1
3872,3
3873,0
3874,1
3875,1
3876,0
3877,3
3878,3
3879,0
3880,0
3881,0
3882,0
3883,0
3884,2
3885,0
3886,2
3887,0
3888,1
3889,0
3890,0
3891,3
3892,1
3893,1
3894,1
3895,0
3896,0
3897,1
3898,1
3899,0
3900,0
3901,1
3902,2
3903,1
3904,1
3905,4
3906,0
3907,1
3908,0
3909,1
3910,0
3911,1
3912,1
3913,0
3914,0
3915,1
3916,1
3917,1
3918,1
3919,1
3920,0
3921,2
3922,2
3923,0
3924,1
3925,0
3926,0
3927,0
3928,3
3929,1
3930,2
3931,0
3932,2
3933,0
3934,0
3935,0
3936,0
3937,0
3938,1
3939,2
3940,1
3941,0
3942,1
3943,2
3944,1
3945,3
3946,1
3947,0
3948,3
3949,2
3950,2
3951,0
3952,0
3953,0
3954,0
3955,1
3956,0
3957,1
3958,1
3959,0
3960,0
3961,1
3962,0
3963,1
3964,0
3965,1
3966,0
3967,2
3968,1
3969,0
3970,2
3971,1
3972,2
3973,1
3974,4
3975,0
3976,1
3977,1
3978,0
3979,0
3980,1
3981,0
3982,0
3983,1
3984,0
3985,0
3986,0
3987,0
3988,1
3989,1
3990,2
3991,1
3992,0
3993,0
3994,1
3995,0
3996,1
3997,0
3998,1
3999,2
4000,1
4001,0
4002,0
4003,0
4004,1
4005,1
4006,2
4007,1
4008,0
4009,0
4010,0
4011,1
4012,2
4013,0
4014,0
4015,1
4016,1
4017,1
4018,3
4019,2
4020,2
4021,0
4022,1
4023,0
4024,1
4025,1
4026,1
4027,2
4028,0
4029,0
4030,0
4031,1
4032,3
4033,2
4034,0
4035,1
4036,2
4037,1
4038,0
4039,2
4040,0
4041,1
4042,1
4043,0
4044,2
4045,1
4046,0
4047,2
4048,0
4049,3
4050,1
4051,0
4052,1
4053,2
4054,1
4055,0
4056,1
4057,1
4058,0
4059,2
4060,0
4061,0
4062,0
4063,0
4064,1
4065,1
4066,1
4067,1
4068,0
4069,0
4070,0
4071,0
4072,2
4073,0
4074,0
4075,0
4076,0
4077,1
4078,0
4079,1
4080,1
4081,0
4082,1
4083,0
4084,0
4085,1
4086,2
4087,1
4088,2
4089,2
4090,2
4091,0
4092,1
4093,1
4094,1
4095,2
